{
    "camar": {
        "random_grid": {
            "mappo": {
                "seed_0": {
                    "absolute_metrics": {
                        "agents_return": [
                            1.6283241510391235
                        ],
                        "return": [
                            1.6283241510391235
                        ]
                    },
                    "step_0": {
                        "step_count": 6000,
                        "agents_return": [
                            0.27133941650390625,
                            0.7934075593948364,
                            -0.11568748950958252,
                            0.11417537927627563,
                            0.3301912248134613,
                            0.32179975509643555,
                            0.578718900680542,
                            0.9053266644477844,
                            1.6283241510391235,
                            0.8235210180282593
                        ],
                        "return": [
                            0.27133941650390625,
                            0.7934075593948364,
                            -0.11568748950958252,
                            0.11417537927627563,
                            0.3301912248134613,
                            0.32179975509643555,
                            0.578718900680542,
                            0.9053266644477844,
                            1.6283241510391235,
                            0.8235210180282593
                        ]
                    }
                }
            }
        }
    }
}