{
    "camar": {
        "random_grid": {
            "giremappo": {
                "seed_0": {
                    "absolute_metrics": {
                        "agents_return": [
                            -18.39840316772461
                        ],
                        "return": [
                            -18.39840316772461
                        ]
                    },
                    "step_0": {
                        "step_count": 100,
                        "agents_return": [
                            -225.84608459472656,
                            -156.16551208496094,
                            -310.3812561035156,
                            -195.95367431640625,
                            -265.12353515625,
                            -138.67208862304688,
                            -18.39840316772461,
                            -431.7550964355469,
                            -146.77134704589844,
                            -490.1149597167969
                        ],
                        "return": [
                            -225.84608459472656,
                            -156.16551208496094,
                            -310.3812561035156,
                            -195.95367431640625,
                            -265.12353515625,
                            -138.67208862304688,
                            -18.39840316772461,
                            -431.7550964355469,
                            -146.77134704589844,
                            -490.1149597167969
                        ]
                    }
                }
            }
        }
    }
}